dist_name,performance_tier,final_z_standardized,component_rank_spread,assist_status
ABC Unified (Los Angeles),Significant Overperformer,1.6741093088811467,64.0,Differentiated
Acalanes Union High (Contra Costa),Expected Performer,0.2536445195080529,589.0,General
Acton-Agua Dulce Unified (Los Angeles),Significant Underperformer,-1.5490281746250287,340.0,Differentiated
Adelanto Elementary (San Bernardino),Significant Underperformer,-1.9773276173366798,98.0,Differentiated
Alameda Unified (Alameda),Moderate Overperformer,0.6571277096059011,250.0,Differentiated
Albany City Unified (Alameda),Significant Overperformer,1.501516489490548,96.0,General
Alexander Valley Union Elementary (Sonoma),Moderate Overperformer,0.9209932381945299,162.0,General
Alhambra Unified (Los Angeles),Significant Overperformer,2.1483023658645144,166.0,Differentiated
Alisal Union (Monterey),Moderate Underperformer,-1.1063485157037072,369.0,General
Allensworth Elementary (Tulare),Moderate Underperformer,-1.485629816447377,42.0,Differentiated
Alpaugh Unified (Tulare),Moderate Underperformer,-1.0648077537364393,301.0,General
Alpine County Unified (Alpine),Moderate Underperformer,-0.8688810290159427,275.0,General
Alpine Union Elementary (San Diego),Moderate Underperformer,-0.6822859662629207,311.0,Differentiated
Alta Loma Elementary (San Bernardino),Moderate Overperformer,0.8233497209340191,327.0,General
Alta Vista Elementary (Tulare),Expected Performer,-0.25458228744554795,204.0,Differentiated
Alta-Dutch Flat Union Elementary (Placer),Significant Underperformer,-1.8260568727127848,153.0,General
Alum Rock Union Elementary (Santa Clara),Moderate Underperformer,-1.246754633482925,220.0,Differentiated
Alview-Dairyland Union Elementary (Madera),Moderate Overperformer,1.0238196477049013,169.0,General
Alvord Unified (Riverside),Expected Performer,-0.1738675455712919,262.0,Differentiated
Amador County Unified (Amador),Moderate Underperformer,-1.4004356244651388,178.0,Differentiated
Anaheim Elementary (Orange),Moderate Underperformer,-0.6626052602200578,193.0,General
Anaheim Union High (Orange),Expected Performer,0.06106404057449589,365.0,Differentiated
Anderson Union High (Shasta),Expected Performer,0.34986550164958924,283.0,Differentiated
Anderson Valley Unified (Mendocino),Moderate Underperformer,-1.2621816606427465,140.0,Differentiated
Antelope Elementary (Tehama),Moderate Overperformer,0.7001455195983842,173.0,General
Antelope Valley Union High (Los Angeles),Significant Underperformer,-1.8605516960479986,317.0,Differentiated
Antioch Unified (Contra Costa),Significant Underperformer,-2.1128559994049905,62.0,Differentiated
Apple Valley Unified (San Bernardino),Moderate Underperformer,-1.4468617751407529,177.0,Differentiated
Arcadia Unified (Los Angeles),Moderate Overperformer,1.429861988185298,291.0,Differentiated
Arcata Elementary (Humboldt),Moderate Overperformer,1.097802882796296,460.0,Differentiated
Arcohe Union Elementary (Sacramento),Moderate Underperformer,-0.7712039469860962,352.0,Differentiated
Arena Union Elementary (Mendocino),Significant Underperformer,-2.1128559994049905,61.0,Differentiated
Armona Union Elementary (Kings),Moderate Overperformer,0.5008512424691216,173.0,Differentiated
Aromas - San Juan Unified (San Benito),Moderate Underperformer,-1.3164121249910807,213.0,Differentiated
Arvin Union (Kern),Expected Performer,-0.14275074162391443,233.0,General
Atascadero Unified (San Luis Obispo),Expected Performer,0.33190853365091927,197.0,Differentiated
Atwater Elementary (Merced),Moderate Overperformer,0.7566341202144441,121.0,General
Auburn Union Elementary (Placer),Expected Performer,-0.3451234087582248,152.0,Differentiated
Azusa Unified (Los Angeles),Expected Performer,-0.3159485313871857,121.0,Differentiated
Baker Valley Unified (San Bernardino),Moderate Underperformer,-1.4701874235218753,347.0,Differentiated
Bakersfield City (Kern),Moderate Underperformer,-1.041508991597165,281.0,Differentiated
Baldwin Park Unified (Los Angeles),Expected Performer,0.46730069768444327,245.0,Differentiated
Ballard Elementary (Santa Barbara),Moderate Overperformer,0.6998978460673932,195.0,General
Bangor Union Elementary (Butte),Moderate Overperformer,0.519617338861023,612.0,General
Banning Unified (Riverside),Moderate Underperformer,-0.7241735484917284,266.0,Differentiated
Barstow Unified (San Bernardino),Significant Underperformer,-1.5829954272972795,132.0,Differentiated
Bass Lake Joint Union Elementary (Madera),Moderate Underperformer,-0.6895494762268933,183.0,Differentiated
Bassett Unified (Los Angeles),Moderate Overperformer,0.633976031861061,339.0,Differentiated
Bayshore Elementary (San Mateo),Expected Performer,-0.43140352051691716,261.0,Differentiated
Bear Valley Unified (San Bernardino),Expected Performer,0.055214220932438274,177.0,Differentiated
Beardsley Elementary (Kern),Expected Performer,-0.43268862210562453,65.0,Differentiated
Beaumont Unified (Riverside),Expected Performer,0.004045162535118555,222.0,Differentiated
Bella Vista Elementary (Shasta),Moderate Overperformer,0.82677719143731,166.0,General
Belleview Elementary (Tuolumne),Moderate Overperformer,0.8946448489806955,132.0,Differentiated
Bellevue Union (Sonoma),Moderate Underperformer,-0.8661651152171512,60.0,Differentiated
Bellflower Unified (Los Angeles),Moderate Overperformer,1.030178383799035,334.0,Differentiated
Belmont-Redwood Shores Elementary (San Mateo),Expected Performer,0.4714238247360909,200.0,Differentiated
Benicia Unified (Solano),Moderate Underperformer,-0.5263030083932135,595.0,Differentiated
Bennett Valley Union Elementary (Sonoma),Expected Performer,0.34339017687479717,173.0,General
Berkeley Unified (Alameda),Moderate Overperformer,1.4381663121212602,233.0,Differentiated
Berryessa Union Elementary (Santa Clara),Moderate Underperformer,-0.671989896425479,189.0,Differentiated
Beverly Hills Unified (Los Angeles),Moderate Overperformer,0.9674738625697795,132.0,Differentiated
Big Oak Flat-Groveland Unified (Tuolumne),Significant Underperformer,-1.7364701248392607,70.0,General
Big Pine Unified (Inyo),Expected Performer,-0.4506740469169271,702.0,General
Big Springs Union Elementary (Siskiyou),Significant Underperformer,-1.5857770996034297,77.0,Differentiated
Big Valley Joint Unified (Lassen),Moderate Underperformer,-1.3866838444666016,258.0,Differentiated
Biggs Unified (Butte),Expected Performer,-0.37797045567463655,486.0,Differentiated
Bishop Unified (Inyo),Expected Performer,-0.1043046527763577,367.0,Differentiated
Bitterwater-Tully Elementary (San Benito),Moderate Underperformer,-1.1438672438318949,532.0,General
Black Butte Union Elementary (Shasta),Moderate Underperformer,-0.764431383376688,253.0,Differentiated
Black Oak Mine Unified (El Dorado),Expected Performer,-0.326605890309625,182.0,Differentiated
Blochman Union Elementary (Santa Barbara),Expected Performer,-0.06524932090658223,462.0,General
Blue Lake Union Elementary (Humboldt),Expected Performer,0.20387211133316901,366.0,General
Bolinas-Stinson Union (Marin),Moderate Overperformer,0.6206152889672936,195.0,General
Bonita Unified (Los Angeles),Significant Overperformer,2.203076477533221,58.0,General
Bonny Doon Union Elementary (Santa Cruz),Expected Performer,0.46959865818081536,594.0,General
Bonsall Unified (San Diego),Expected Performer,0.22866030529975434,387.0,Differentiated
Borrego Springs Unified (San Diego),Moderate Underperformer,-0.6814441095465716,504.0,Differentiated
Bradley Union Elementary (Monterey),Significant Underperformer,-1.7211776341397986,41.0,General
Brawley Elementary (Imperial),Moderate Overperformer,0.7017966824699944,189.0,Differentiated
Brawley Union High (Imperial),Moderate Overperformer,0.9877511435001582,331.0,Differentiated
Brea-Olinda Unified (Orange),Moderate Overperformer,1.220171357639745,205.0,Differentiated
Brentwood Union (Contra Costa),Moderate Underperformer,-1.045789000260602,188.0,Differentiated
Bret Harte Union High (Calaveras),Expected Performer,-0.2741908172090756,792.0,Differentiated
Bridgeville Elementary (Humboldt),Moderate Underperformer,-0.8013089477690682,190.0,Differentiated
Briggs Elementary (Ventura),Moderate Underperformer,-1.0764432428420083,259.0,Differentiated
Brisbane Elementary (San Mateo),Expected Performer,-0.08519704748060314,433.0,General
Brittan Elementary (Sutter),Significant Underperformer,-1.8091084835829585,268.0,General
Buckeye Union Elementary (El Dorado),Moderate Overperformer,0.7357653647924143,355.0,General
Buellton Union Elementary (Santa Barbara),Moderate Overperformer,0.6121223738671192,245.0,Differentiated
Buena Park Elementary (Orange),Moderate Overperformer,0.8117484014051608,333.0,Differentiated
Buena Vista Elementary (Tulare),Expected Performer,-0.3043358767241288,316.0,General
Burbank Unified (Los Angeles),Moderate Overperformer,0.5571462580704252,474.0,Differentiated
Burlingame Elementary (San Mateo),Expected Performer,0.47761975545432195,234.0,Differentiated
Burnt Ranch Elementary (Trinity),Moderate Overperformer,0.9683068254428565,482.0,General
Burrel Union Elementary (Fresno),Expected Performer,0.16692947607149733,625.0,General
Burton Elementary (Tulare),Moderate Underperformer,-0.6263558946974831,434.0,Differentiated
Butte Valley Unified (Siskiyou),Moderate Underperformer,-1.1162676070274442,253.0,General
Butteville Union Elementary (Siskiyou),Expected Performer,-0.19333203259303935,379.0,General
Buttonwillow Union Elementary (Kern),Expected Performer,0.009162332952775824,439.0,General
Byron Union Elementary (Contra Costa),Moderate Underperformer,-0.7903406731190344,421.0,Differentiated
Cabrillo Unified (San Mateo),Significant Underperformer,-1.8873145050757754,16.0,Differentiated
Cajon Valley Union (San Diego),Moderate Underperformer,-0.6957469788587695,93.0,Differentiated
Calaveras Unified (Calaveras),Moderate Underperformer,-1.4018756452196672,119.0,Differentiated
Calexico Unified (Imperial),Expected Performer,0.05581911832564621,268.0,Differentiated
Caliente Union Elementary (Kern),Moderate Underperformer,-1.102966197025371,137.0,General
Calipatria Unified (Imperial),Moderate Overperformer,0.9901401079315993,223.0,Differentiated
Calistoga Joint Unified (Napa),Expected Performer,0.08556608300700468,426.0,Differentiated
Cambrian (Santa Clara),Moderate Overperformer,0.8590025412487148,112.0,General
Camino Union Elementary (El Dorado),Expected Performer,0.34421042621869424,125.0,Differentiated
Campbell Union (Santa Clara),Moderate Underperformer,-0.9224878846018433,0.0,General
Campbell Union High (Santa Clara),Expected Performer,0.20092602311718724,301.0,General
Camptonville Elementary (Yuba),Expected Performer,0.17025526863766452,363.0,General
Canyon Elementary (Contra Costa),Significant Underperformer,-1.7581174464555847,0.0,General
Capay Joint Union Elementary (Glenn),Expected Performer,-0.4774429079239256,425.0,General
Capistrano Unified (Orange),Moderate Overperformer,1.2641409691017063,139.0,Differentiated
Cardiff Elementary (San Diego),Moderate Overperformer,0.647357647218803,153.0,General
Carlsbad Unified (San Diego),Moderate Overperformer,1.1032666887687208,224.0,Differentiated
Carmel Unified (Monterey),Moderate Overperformer,0.5095931418316492,332.0,General
Carpinteria Unified (Santa Barbara),Expected Performer,-0.053929006708795364,254.0,Differentiated
Caruthers Unified (Fresno),Moderate Overperformer,1.1842811317949955,209.0,Differentiated
Cascade Union Elementary (Shasta),Expected Performer,0.19645631394428253,263.0,Differentiated
Castaic Union (Los Angeles),Moderate Overperformer,0.5798223485584043,186.0,General
Castle Rock Union Elementary (Shasta),Moderate Underperformer,-1.1151602333396917,85.0,General
Castro Valley Unified (Alameda),Moderate Overperformer,0.6680358177669443,196.0,Differentiated
Cayucos Elementary (San Luis Obispo),Expected Performer,0.3945299411760237,327.0,General
Center Joint Unified (Sacramento),Moderate Underperformer,-0.7273760617357516,122.0,Differentiated
Centinela Valley Union High (Los Angeles),Expected Performer,-0.13244382133225666,552.0,Differentiated
Central Elementary (San Bernardino),Expected Performer,0.13746081624197842,252.0,Differentiated
Central Unified (Fresno),Expected Performer,0.3333764063669143,141.0,Differentiated
Central Union Elementary (Kings),Moderate Overperformer,1.465274737595789,131.0,Differentiated
Central Union High (Imperial),Moderate Overperformer,0.5120509558672398,529.0,Differentiated
Centralia Elementary (Orange),Significant Overperformer,1.8749896977668241,148.0,General
Ceres Unified (Stanislaus),Expected Performer,-0.09782788710485943,242.0,Differentiated
Chaffey Joint Union High (San Bernardino),Moderate Overperformer,1.3276128924946737,410.0,Differentiated
Charter Oak Unified (Los Angeles),Moderate Overperformer,0.7390176540167017,123.0,Differentiated
Chatom Union (Stanislaus),Expected Performer,0.4448599133721826,376.0,Differentiated
Chawanakee Unified (Madera),Expected Performer,-0.17075774394962273,313.0,Differentiated
Chicago Park Elementary (Nevada),Expected Performer,0.299498200261482,486.0,General
Chico Unified (Butte),Moderate Overperformer,0.5187457046166303,277.0,Differentiated
Chino Valley Unified (San Bernardino),Moderate Overperformer,1.2694578463980652,46.0,Differentiated
Chowchilla Elementary (Madera),Expected Performer,-0.4570372834928642,320.0,Differentiated
Chowchilla Union High (Madera),Expected Performer,-0.29174831231367604,639.0,Differentiated
Chualar Union (Monterey),Expected Performer,0.46478093520203145,509.0,General
Chula Vista Elementary (San Diego),Moderate Overperformer,0.7745022239414258,365.0,Differentiated
Claremont Unified (Los Angeles),Moderate Overperformer,1.0279190749340958,277.0,Differentiated
Clay Joint Elementary (Fresno),Significant Overperformer,2.4032865980246774,0.0,General
Clear Creek Elementary (Nevada),Moderate Overperformer,1.2353695013609494,114.0,General
Cloverdale Unified (Sonoma),Significant Underperformer,-1.5920306328232734,50.0,General
Clovis Unified (Fresno),Moderate Overperformer,1.3033861518847252,257.0,Differentiated
Coachella Valley Unified (Riverside),Moderate Underperformer,-0.8088104706843978,176.0,Differentiated
Coalinga-Huron Unified (Fresno),Significant Underperformer,-1.5135397404960593,135.0,Differentiated
Coast Unified (San Luis Obispo),Expected Performer,-0.3737456189287974,427.0,Differentiated
Cold Spring Elementary (Santa Barbara),Moderate Overperformer,0.6222393632614486,124.0,General
Colfax Elementary (Placer),Moderate Underperformer,-1.0036118823338698,427.0,General
College Elementary (Santa Barbara),Expected Performer,0.1428095787293348,431.0,Differentiated
Colton Joint Unified (San Bernardino),Moderate Underperformer,-0.8826393167797636,239.0,Differentiated
Columbia Elementary (Shasta),Expected Performer,-0.11470918339208706,371.0,Differentiated
Columbia Union (Tuolumne),Expected Performer,0.2877825808611716,107.0,Differentiated
Columbine Elementary (Tulare),Significant Overperformer,2.4027130294134325,14.0,General
Colusa Unified (Colusa),Expected Performer,-0.09692374874116473,355.0,General
Compton Unified (Los Angeles),Significant Overperformer,1.9684074073046591,124.0,General
Conejo Valley Unified (Ventura),Expected Performer,0.26104564980392003,205.0,Differentiated
Corcoran Joint Unified (Kings),Expected Performer,0.08734924039021114,159.0,Differentiated
Corning Union Elementary (Tehama),Moderate Underperformer,-0.5599257810501588,375.0,General
Corning Union High (Tehama),Expected Performer,-0.32408186770035713,456.0,Differentiated
Corona-Norco Unified (Riverside),Moderate Overperformer,0.6124112327348736,274.0,Differentiated
Coronado Unified (San Diego),Moderate Overperformer,0.6672217379291647,381.0,General
Cotati-Rohnert Park Unified (Sonoma),Moderate Underperformer,-0.8818226055293273,177.0,Differentiated
Cottonwood Union Elementary (Shasta),Expected Performer,0.2585811846649638,265.0,Differentiated
Covina-Valley Unified (Los Angeles),Moderate Overperformer,0.854485849933861,105.0,Differentiated
Cucamonga Elementary (San Bernardino),Moderate Underperformer,-0.7624081315580398,181.0,Differentiated
Cuddeback Union Elementary (Humboldt),Moderate Overperformer,0.9846766360385392,205.0,General
Culver City Unified (Los Angeles),Expected Performer,0.18388093115281043,605.0,Differentiated
Cupertino Union (Santa Clara),Moderate Overperformer,1.0097917175295894,383.0,General
Curtis Creek Elementary (Tuolumne),Expected Performer,-0.3765809023571591,451.0,Differentiated
Cutler-Orosi Joint Unified (Tulare),Significant Overperformer,1.6834487968211662,140.0,General
Cutten Elementary (Humboldt),Moderate Overperformer,0.7818364591094046,370.0,General
Cuyama Joint Unified (Santa Barbara),Moderate Underperformer,-1.2287887042982573,183.0,General
Cypress Elementary (Orange),Significant Overperformer,2.005501788322065,114.0,General
Davis Joint Unified (Yolo),Moderate Overperformer,1.0137955439491213,193.0,Differentiated
Dehesa Elementary (San Diego),Significant Underperformer,-2.1128559994049905,30.0,General
Del Mar Union Elementary (San Diego),Moderate Overperformer,1.0493042260750327,198.0,General
Del Norte County Unified (Del Norte),Expected Performer,-0.23445336596024913,179.0,Differentiated
Delano Joint Union High (Kern),Significant Overperformer,2.2832059354889176,245.0,General
Delano Union Elementary (Kern),Significant Overperformer,2.1931882735820567,113.0,General
Delhi Unified (Merced),Expected Performer,0.11241792734677652,442.0,Differentiated
Delphic Elementary (Siskiyou),Expected Performer,-0.1824994534075127,328.0,General
Denair Unified (Stanislaus),Expected Performer,-0.39562030732621634,321.0,Differentiated
Desert Sands Unified (Riverside),Moderate Underperformer,-1.162496662424957,245.0,Differentiated
Di Giorgio Elementary (Kern),Moderate Underperformer,-0.701070978940023,351.0,General
Dinuba Unified (Tulare),Significant Overperformer,1.5775551022069527,268.0,General
Dixon Unified (Solano),Moderate Underperformer,-1.0542475868031298,242.0,Differentiated
Dos Palos Oro Loma Joint Unified (Merced),Moderate Underperformer,-0.575841956054014,224.0,Differentiated
Douglas City Elementary (Trinity),Significant Overperformer,2.4032865980246774,0.0,General
Downey Unified (Los Angeles),Moderate Overperformer,1.2944351565833383,79.0,Differentiated
Dry Creek Joint Elementary (Placer),Expected Performer,-0.19630402765789326,258.0,General
Duarte Unified (Los Angeles),Expected Performer,0.3776036755971709,285.0,Differentiated
Dublin Unified (Alameda),Expected Performer,0.061431744103354974,301.0,Differentiated
Ducor Union Elementary (Tulare),Moderate Underperformer,-0.8574666028263851,125.0,Differentiated
Dunsmuir Elementary (Siskiyou),Moderate Underperformer,-1.3078032627726437,65.0,Differentiated
Dunsmuir Joint Union High (Siskiyou),Moderate Underperformer,-0.8456659409529563,636.0,General
Durham Unified (Butte),Expected Performer,-0.45374270325100147,320.0,Differentiated
Earlimart Elementary (Tulare),Moderate Underperformer,-0.5397052174300235,199.0,General
East Nicolaus Joint Union High (Sutter),Moderate Underperformer,-0.6376424637169046,511.0,General
East Side Union High (Santa Clara),Expected Performer,-0.4891265891976199,587.0,Differentiated
East Whittier City Elementary (Los Angeles),Moderate Overperformer,1.4546368651351995,210.0,Differentiated
Eastern Sierra Unified (Mono),Moderate Underperformer,-0.8317865566564427,497.0,General
Eastside Union Elementary (Los Angeles),Significant Underperformer,-1.8359953029786842,109.0,Differentiated
Edison Elementary (Kern),Moderate Underperformer,-1.0611557930452442,110.0,Differentiated
El Centro Elementary (Imperial),Moderate Overperformer,0.9617329176752134,137.0,Differentiated
El Dorado Union High (El Dorado),Expected Performer,0.04058612481871088,532.0,Differentiated
El Monte City (Los Angeles),Moderate Overperformer,1.4815172948967317,117.0,Differentiated
El Monte Union High (Los Angeles),Significant Overperformer,1.5709601510020665,288.0,Differentiated
El Nido Elementary (Merced),Moderate Overperformer,1.2369393224265253,202.0,General
El Rancho Unified (Los Angeles),Expected Performer,0.2548623874613787,317.0,Differentiated
El Segundo Unified (Los Angeles),Moderate Overperformer,0.5277068012678409,503.0,General
El Tejon Unified (Kern),Moderate Overperformer,1.0663125167083762,183.0,Differentiated
Elk Grove Unified (Sacramento),Moderate Overperformer,0.6910080838380684,167.0,Differentiated
Elk Hills Elementary (Kern),Expected Performer,0.45487776644931693,208.0,General
Elverta Joint Elementary (Sacramento),Moderate Underperformer,-0.5345735669615872,209.0,General
Emery Unified (Alameda),Expected Performer,-0.4568966919652597,192.0,General
Empire Union Elementary (Stanislaus),Expected Performer,-0.1636216094187607,244.0,Differentiated
Encinitas Union Elementary (San Diego),Moderate Overperformer,0.5456251308953873,336.0,General
Enterprise Elementary (Shasta),Moderate Overperformer,0.864615985555378,80.0,Differentiated
Escalon Unified (San Joaquin),Moderate Underperformer,-0.5084873328864784,262.0,Differentiated
Escondido Union (San Diego),Moderate Underperformer,-0.7497016633036524,353.0,Differentiated
Escondido Union High (San Diego),Expected Performer,-0.4164557343520672,603.0,General
Esparto Unified (Yolo),Moderate Underperformer,-1.2883470659473966,437.0,Differentiated
Etiwanda Elementary (San Bernardino),Moderate Overperformer,0.7416931419699253,228.0,Differentiated
Eureka City Schools (Humboldt),Expected Performer,0.2853021028953456,133.0,Differentiated
Eureka Union (Placer),Moderate Overperformer,0.7609692214944542,294.0,General
Evergreen Elementary (Santa Clara),Expected Performer,-0.26791878288610843,376.0,Differentiated
Evergreen Union (Tehama),Moderate Overperformer,1.1080317774435624,149.0,General
Exeter Unified (Tulare),Moderate Overperformer,0.8239064006624345,152.0,Differentiated
Fairfax Elementary (Kern),Expected Performer,-0.46837916636799254,80.0,Differentiated
Fairfield-Suisun Unified (Solano),Moderate Underperformer,-1.0219768964319644,68.0,Differentiated
Fall River Joint Unified (Shasta),Expected Performer,0.2997826859648452,102.0,Differentiated
Fallbrook Union Elementary (San Diego),Significant Overperformer,1.9420784782290528,102.0,Differentiated
Fallbrook Union High (San Diego),Moderate Overperformer,1.0603024713676321,551.0,Differentiated
Farmersville Unified (Tulare),Expected Performer,-0.09917486820210471,210.0,Differentiated
Ferndale Unified (Humboldt),Significant Overperformer,2.050676807121003,148.0,Differentiated
Fieldbrook Elementary (Humboldt),Moderate Underperformer,-0.5051811433826161,307.0,General
Fillmore Unified (Ventura),Moderate Underperformer,-1.0043681411185619,168.0,General
Firebaugh-Las Deltas Unified (Fresno),Expected Performer,0.23734736907026813,48.0,Differentiated
Flournoy Union Elementary (Tehama),Moderate Underperformer,-0.5086612619740492,437.0,General
Folsom-Cordova Unified (Sacramento),Expected Performer,0.4843541079281995,267.0,Differentiated
Fontana Unified (San Bernardino),Expected Performer,-0.41437902479693006,345.0,Differentiated
Foresthill Union Elementary (Placer),Moderate Underperformer,-0.6943760364173948,347.0,Differentiated
Fort Bragg Unified (Mendocino),Expected Performer,-0.4133976325505684,158.0,Differentiated
Fort Sage Unified (Lassen),Significant Underperformer,-1.788793844695234,107.0,Differentiated
Fortuna Elementary (Humboldt),Expected Performer,-0.004937130638247129,219.0,Differentiated
Fortuna Union High (Humboldt),Expected Performer,0.10868732831342866,422.0,Differentiated
Fountain Valley Elementary (Orange),Significant Overperformer,2.2740717673815456,58.0,Differentiated
Fowler Unified (Fresno),Moderate Overperformer,0.9128943482931063,152.0,General
Franklin Elementary (Sutter),Moderate Overperformer,1.1471650188061084,259.0,General
Franklin-McKinley Elementary (Santa Clara),Moderate Underperformer,-0.6908787383877087,291.0,Differentiated
Fremont Unified (Alameda),Moderate Overperformer,0.5334777713189409,224.0,Differentiated
Fremont Union High (Santa Clara),Moderate Overperformer,0.5430891108106429,468.0,Differentiated
Freshwater Elementary (Humboldt),Significant Overperformer,1.8478136339739468,170.0,General
Fresno Unified (Fresno),Moderate Overperformer,0.6063263056751841,351.0,Differentiated
Fruitvale Elementary (Kern),Moderate Overperformer,0.5099874932884023,128.0,General
Fullerton Elementary (Orange),Moderate Overperformer,0.8111199557417627,194.0,Differentiated
Fullerton Joint Union High (Orange),Moderate Overperformer,0.8733627144812975,304.0,Differentiated
Galt Joint Union Elementary (Sacramento),Moderate Overperformer,1.21557929140564,141.0,Differentiated
Galt Joint Union High (Sacramento),Moderate Overperformer,1.1963776873018588,498.0,General
Garden Grove Unified (Orange),Significant Overperformer,2.4032865980246774,84.0,General
Garfield Elementary (Humboldt),Significant Overperformer,1.8654043731043066,144.0,General
Garvey Elementary (Los Angeles),Significant Overperformer,2.4032865980246774,53.0,General
Gateway Unified (Shasta),Moderate Overperformer,0.5585223393718293,194.0,Differentiated
Gazelle Union Elementary (Siskiyou),Moderate Underperformer,-0.9911946183405737,280.0,General
General Shafter Elementary (Kern),Moderate Overperformer,0.9621608177857846,434.0,General
Gerber Union Elementary (Tehama),Moderate Underperformer,-1.2736746511696797,120.0,Differentiated
Geyserville Unified (Sonoma),Moderate Underperformer,-1.0516870195973604,486.0,General
Gilroy Unified (Santa Clara),Significant Underperformer,-1.635864965104868,307.0,Differentiated
Glendale Unified (Los Angeles),Moderate Overperformer,1.4557544407130514,271.0,Differentiated
Glendora Unified (Los Angeles),Moderate Overperformer,0.8117581484067314,316.0,Differentiated
Gold Oak Union Elementary (El Dorado),Significant Underperformer,-2.08877860056286,32.0,Differentiated
Gold Trail Union Elementary (El Dorado),Expected Performer,-0.446544785189149,193.0,General
Golden Feather Union Elementary (Butte),Expected Performer,-0.4125052470153299,500.0,General
Golden Plains Unified (Fresno),Expected Performer,-0.0053291424926393514,382.0,Differentiated
Golden Valley Unified (Madera),Expected Performer,-0.020027353603215493,313.0,Differentiated
Goleta Union Elementary (Santa Barbara),Moderate Overperformer,0.7736709841902589,321.0,General
Gonzales Unified (Monterey),Expected Performer,-0.29064651472471403,363.0,Differentiated
Gorman Joint (Los Angeles),Moderate Overperformer,0.9380702897039854,303.0,General
Grant Elementary (Shasta),Moderate Overperformer,1.3282160300667025,173.0,General
Grass Valley Elementary (Nevada),Expected Performer,-0.06259142873235529,471.0,General
Graves Elementary (Monterey),Moderate Underperformer,-1.0885900321119444,186.0,General
Greenfield Union (Kern),Expected Performer,0.29612257984556123,120.0,Differentiated
Greenfield Union Elementary (Monterey),Moderate Underperformer,-0.9929185343442667,265.0,Differentiated
Grenada Elementary (Siskiyou),Moderate Underperformer,-0.8117447905909879,586.0,General
Gridley Unified (Butte),Moderate Overperformer,1.458854685501079,152.0,Differentiated
Grossmont Union High (San Diego),Expected Performer,-0.17256705832824934,334.0,Differentiated
Guadalupe Union Elementary (Santa Barbara),Moderate Underperformer,-0.9961998667641881,160.0,Differentiated
Gustine Unified (Merced),Moderate Underperformer,-1.1171713149229738,113.0,General
Hacienda la Puente Unified (Los Angeles),Moderate Overperformer,0.6973847383766746,242.0,Differentiated
Hamilton Unified (Glenn),Expected Performer,-0.3490245304283962,382.0,Differentiated
Hanford Elementary (Kings),Moderate Overperformer,1.4280314140713397,97.0,Differentiated
Hanford Joint Union High (Kings),Moderate Overperformer,0.6860731273868168,587.0,Differentiated
Happy Camp Union Elementary (Siskiyou),Significant Underperformer,-1.809409881897611,57.0,General
Happy Valley Elementary (Santa Cruz),Moderate Overperformer,1.159592933374736,188.0,General
Happy Valley Union Elementary (Shasta),Moderate Overperformer,0.5782518895942641,344.0,Differentiated
Hart-Ransom Union Elementary (Stanislaus),Expected Performer,0.3590459624730624,433.0,Differentiated
Hawthorne (Los Angeles),Expected Performer,0.4805505709620737,317.0,Differentiated
Hayward Unified (Alameda),Significant Underperformer,-1.6605866311123145,67.0,Differentiated
Healdsburg Unified (Sonoma),Moderate Overperformer,0.678677757831773,232.0,General
Heber Elementary (Imperial),Moderate Overperformer,1.0446382063946027,407.0,Differentiated
Helendale Elementary (San Bernardino),Moderate Underperformer,-0.97784512467184,257.0,Differentiated
Hemet Unified (Riverside),Moderate Underperformer,-0.7744288175468992,124.0,Differentiated
Hermosa Beach City Elementary (Los Angeles),Moderate Overperformer,0.5206691666655756,511.0,General
Hesperia Unified (San Bernardino),Significant Underperformer,-1.5395576428946933,192.0,Differentiated
Hillsborough City Elementary (San Mateo),Moderate Overperformer,0.9889093184155785,227.0,General
Hilmar Unified (Merced),Expected Performer,-0.13966905010178532,138.0,General
Hollister (San Benito),Moderate Underperformer,-1.332291257317043,396.0,Differentiated
Holtville Unified (Imperial),Moderate Overperformer,1.1733816090391878,242.0,General
Hope Elementary (Santa Barbara),Significant Overperformer,2.3879303766627515,354.0,General
Hope Elementary (Tulare),Significant Overperformer,2.4032865980246774,146.0,General
Horicon Elementary (Sonoma),Significant Underperformer,-2.1128559994049905,143.0,Differentiated
Hornbrook Elementary (Siskiyou),Moderate Underperformer,-0.6205130494668651,454.0,Differentiated
Howell Mountain Elementary (Napa),Significant Underperformer,-2.1128559994049905,6.0,General
Hueneme Elementary (Ventura),Moderate Underperformer,-1.3748958476210709,105.0,Differentiated
Hughes-Elizabeth Lakes Union Elementary (Los Angeles),Expected Performer,-0.335359206562059,293.0,General
Hughson Unified (Stanislaus),Expected Performer,0.12265319065749454,117.0,Differentiated
Huntington Beach City Elementary (Orange),Significant Overperformer,1.5155296156000397,216.0,Differentiated
Huntington Beach Union High (Orange),Significant Overperformer,1.6056563393264662,275.0,Differentiated
Hydesville Elementary (Humboldt),Significant Overperformer,1.6209710229568934,167.0,General
"Igo, Ono, Platina Union Elementary (Shasta)",Expected Performer,-0.20527250173826658,362.0,General
Imperial Unified (Imperial),Moderate Overperformer,1.1111882221454077,246.0,Differentiated
Inglewood Unified (Los Angeles),Expected Performer,-0.49447611616345155,170.0,Differentiated
Irvine Unified (Orange),Moderate Overperformer,1.2254868321594106,368.0,Differentiated
Jacoby Creek Elementary (Humboldt),Significant Overperformer,2.4032865980246774,10.0,General
Jamestown Elementary (Tuolumne),Expected Performer,0.12244835428821206,454.0,Differentiated
Jamul-Dulzura Union Elementary (San Diego),Moderate Underperformer,-1.1761712541808211,199.0,General
Janesville Union Elementary (Lassen),Expected Performer,0.343087088808387,121.0,Differentiated
Jefferson Union High (San Mateo),Moderate Underperformer,-1.0889616127666912,462.0,General
John Swett Unified (Contra Costa),Moderate Underperformer,-0.6457555206619012,538.0,Differentiated
Johnstonville Elementary (Lassen),Expected Performer,-0.40211357956906174,105.0,General
Julian Union Elementary (San Diego),Expected Performer,0.236601381802038,231.0,Differentiated
Julian Union High (San Diego),Expected Performer,0.3619000944936937,443.0,General
Junction City Elementary (Trinity),Moderate Overperformer,1.0476289539024704,463.0,General
Junction Elementary (Shasta),Moderate Overperformer,0.5889813978491576,431.0,General
Junction Elementary (Siskiyou),Moderate Overperformer,0.9996704894704879,387.0,General
Jurupa Unified (Riverside),Moderate Underperformer,-1.2890244879281723,188.0,Differentiated
Kelseyville Unified (Lake),Significant Underperformer,-1.5892519351299161,56.0,Differentiated
Kentfield Elementary (Marin),Moderate Overperformer,0.5660535597412092,356.0,Differentiated
Kenwood (Sonoma),Expected Performer,-0.06921706162713863,109.0,General
Keppel Union Elementary (Los Angeles),Significant Underperformer,-2.1128559994049905,143.0,Differentiated
Kerman Unified (Fresno),Expected Performer,0.25170896715731544,122.0,Differentiated
Kern High (Kern),Expected Performer,0.024419403969366538,563.0,Differentiated
Kernville Union Elementary (Kern),Expected Performer,-0.19992864392532247,207.0,Differentiated
Keyes Union (Stanislaus),Expected Performer,0.06920031756835977,190.0,Differentiated
King City Union (Monterey),Expected Performer,-0.40091951904557477,245.0,Differentiated
Kings Canyon Joint Unified (Fresno),Significant Overperformer,2.296786741806133,30.0,Differentiated
Kings River Union Elementary (Tulare),Expected Performer,0.287828743020822,167.0,General
Kingsburg Joint Union High (Fresno),Moderate Overperformer,1.466921608942918,328.0,Differentiated
Kirkwood Elementary (Tehama),Significant Underperformer,-1.539810295317494,62.0,General
Kit Carson Union Elementary (Kings),Expected Performer,0.3625414453200806,518.0,Differentiated
Klamath-Trinity Joint Unified (Humboldt),Moderate Underperformer,-1.0724349021671122,165.0,Differentiated
Knights Ferry Elementary (Stanislaus),Moderate Overperformer,0.57210847238506,412.0,General
Knightsen Elementary (Contra Costa),Significant Underperformer,-1.6175090736703772,101.0,General
Konocti Unified (Lake),Moderate Underperformer,-1.2725604596221547,127.0,Differentiated
La Canada Unified (Los Angeles),Moderate Overperformer,1.2332848849057327,274.0,General
La Habra City Elementary (Orange),Expected Performer,0.38356349254501865,176.0,Differentiated
La Honda-Pescadero Unified (San Mateo),Moderate Underperformer,-0.7151322653195984,706.0,General
La Mesa-Spring Valley (San Diego),Expected Performer,0.2588338266531475,249.0,Differentiated
Lafayette Elementary (Contra Costa),Expected Performer,0.0344428455443924,356.0,General
Laguna Beach Unified (Orange),Moderate Overperformer,1.2320422698264815,258.0,General
Lagunita Elementary (Monterey),Significant Underperformer,-2.097548551567312,47.0,General
Lagunitas Elementary (Marin),Expected Performer,0.02295809168034706,360.0,General
Lake Elementary (Glenn),Significant Overperformer,1.543991924950232,93.0,General
Lake Elsinore Unified (Riverside),Moderate Underperformer,-0.7860373193791079,218.0,Differentiated
Lake Tahoe Unified (El Dorado),Expected Performer,-0.40969350383549535,331.0,Differentiated
Lakeport Unified (Lake),Moderate Underperformer,-1.4830428806754894,256.0,Differentiated
Lakeside Joint (Santa Clara),Moderate Overperformer,0.6626178411782193,427.0,General
Lakeside Union (Kern),Moderate Underperformer,-1.1178506716077532,183.0,Differentiated
Lakeside Union Elementary (Kings),Expected Performer,0.453251930951872,411.0,Differentiated
Lakeside Union Elementary (San Diego),Expected Performer,0.18341526932786203,358.0,Differentiated
Lammersville Joint Unified (San Joaquin),Expected Performer,-0.06899414178816322,265.0,Differentiated
Lamont Elementary (Kern),Moderate Underperformer,-0.5707714957452533,321.0,Differentiated
Lancaster Elementary (Los Angeles),Significant Underperformer,-1.9677971459144523,183.0,Differentiated
Larkspur-Corte Madera (Marin),Expected Performer,-0.1268355649436201,241.0,Differentiated
Las Lomitas Elementary (San Mateo),Moderate Overperformer,1.3019769694526488,67.0,General
Las Virgenes Unified (Los Angeles),Expected Performer,-0.1454023764898197,337.0,General
Lassen Union High (Lassen),Moderate Underperformer,-0.5057516041055972,643.0,Differentiated
Lassen View Union Elementary (Tehama),Significant Overperformer,1.8637960721791424,21.0,General
Laton Joint Unified (Fresno),Expected Performer,-0.13168593061761558,425.0,Differentiated
Latrobe (El Dorado),Moderate Overperformer,1.4021402913654584,57.0,General
Lawndale Elementary (Los Angeles),Moderate Overperformer,0.8617947028093728,131.0,Differentiated
Laytonville Unified (Mendocino),Moderate Overperformer,0.538887001265167,285.0,Differentiated
Le Grand Union Elementary (Merced),Moderate Overperformer,0.8332481235584778,219.0,General
Le Grand Union High (Merced),Moderate Overperformer,0.8635215443400687,460.0,General
Leggett Valley Unified (Mendocino),Expected Performer,0.21525668937033035,392.0,General
Lemon Grove (San Diego),Expected Performer,0.1533268641503947,208.0,Differentiated
Lemoore Union Elementary (Kings),Moderate Overperformer,1.256619214993457,113.0,Differentiated
Lemoore Union High (Kings),Moderate Overperformer,0.93549534416331,645.0,Differentiated
Lennox (Los Angeles),Moderate Overperformer,0.6568915388268679,136.0,General
Lewiston Elementary (Trinity),Expected Performer,-0.10496892965718777,138.0,General
Liberty Elementary (Tulare),Moderate Overperformer,0.5476907330263378,379.0,General
Liberty Elementary (Sonoma),Moderate Overperformer,0.5630118650037952,309.0,General
Liberty Union High (Contra Costa),Moderate Underperformer,-1.4984805678735422,488.0,Differentiated
Lincoln Unified (San Joaquin),Expected Performer,-0.029069139528606663,178.0,Differentiated
Linden Unified (San Joaquin),Expected Performer,0.047198623900190854,345.0,Differentiated
Lindsay Unified (Tulare),Moderate Overperformer,0.8541300816939849,119.0,Differentiated
Little Lake City Elementary (Los Angeles),Significant Overperformer,1.52731200511334,173.0,Differentiated
Live Oak Elementary (Santa Cruz),Expected Performer,-0.13529790278898082,229.0,Differentiated
Live Oak Unified (Sutter),Significant Overperformer,1.5674302281250367,143.0,Differentiated
Livermore Valley Joint Unified (Alameda),Expected Performer,-0.3116324917711809,271.0,Differentiated
Livingston Union (Merced),Expected Performer,-0.3098174006025191,284.0,General
Lodi Unified (San Joaquin),Expected Performer,0.16233777042812178,406.0,Differentiated
Loleta Union Elementary (Humboldt),Moderate Underperformer,-0.8217142335338182,446.0,Differentiated
Loma Prieta Joint Union Elementary (Santa Clara),Moderate Overperformer,1.4722107756867258,158.0,Differentiated
Lompoc Unified (Santa Barbara),Moderate Underperformer,-0.9971319337093967,155.0,Differentiated
Lone Pine Unified (Inyo),Expected Performer,0.3960097541474058,274.0,Differentiated
Long Beach Unified (Los Angeles),Moderate Overperformer,0.9766909105771928,258.0,Differentiated
Loomis Union Elementary (Placer),Expected Performer,0.3695570578579039,466.0,General
Los Alamitos Unified (Orange),Significant Overperformer,2.1104920238599196,198.0,General
Los Altos Elementary (Santa Clara),Significant Overperformer,1.533057326497831,146.0,General
Los Angeles Unified (Los Angeles),Moderate Overperformer,0.5693699062987178,572.0,Differentiated
Los Banos Unified (Merced),Moderate Underperformer,-0.5847883611582491,252.0,Differentiated
Los Gatos Union Elementary (Santa Clara),Expected Performer,-0.21797145551250124,186.0,General
Los Gatos-Saratoga Union High (Santa Clara),Expected Performer,-0.1930798148483229,498.0,General
Los Molinos Unified (Tehama),Moderate Overperformer,1.0614151436295733,230.0,General
Los Nietos (Los Angeles),Moderate Overperformer,1.0929150459531778,292.0,Differentiated
Los Olivos Elementary (Santa Barbara),Expected Performer,-0.08592288598066754,343.0,Differentiated
Lost Hills Union Elementary (Kern),Significant Overperformer,1.5628552581447166,106.0,Differentiated
Lowell Joint (Orange),Moderate Overperformer,0.9264155051942301,211.0,Differentiated
Lucerne Elementary (Lake),Moderate Underperformer,-0.8475363961313561,390.0,General
Lucerne Valley Unified (San Bernardino),Moderate Underperformer,-1.1472423959285363,283.0,Differentiated
Lucia Mar Unified (San Luis Obispo),Expected Performer,0.39412323681525324,225.0,Differentiated
Luther Burbank (Santa Clara),Moderate Underperformer,-0.7273660531747848,151.0,Differentiated
Lynwood Unified (Los Angeles),Expected Performer,0.46270277057062004,220.0,Differentiated
Madera Unified (Madera),Moderate Underperformer,-0.7516126248723953,163.0,Differentiated
Magnolia Elementary (Orange),Significant Overperformer,1.575604031685066,174.0,Differentiated
Magnolia Union Elementary (Imperial),Moderate Underperformer,-0.8515066875116165,664.0,General
Mammoth Unified (Mono),Expected Performer,-0.3290086819952137,227.0,Differentiated
Manchester Union Elementary (Mendocino),Significant Underperformer,-2.066740907545926,60.0,General
Manhattan Beach Unified (Los Angeles),Moderate Overperformer,0.6871299983230822,71.0,General
Manteca Unified (San Joaquin),Moderate Underperformer,-1.0237435069188876,186.0,Differentiated
Manzanita Elementary (Butte),Moderate Overperformer,1.1266192994361568,194.0,General
Maple Elementary (Kern),Moderate Overperformer,1.3316745977185434,127.0,General
Marcum-Illinois Union Elementary (Sutter),Significant Overperformer,1.5665583683349011,24.0,General
Maricopa Unified (Kern),Moderate Underperformer,-1.1663797413244377,282.0,Differentiated
Mariposa County Unified (Mariposa),Expected Performer,-0.4630279808684843,210.0,Differentiated
Mark Twain Union Elementary (Calaveras),Moderate Underperformer,-0.7989802506582592,181.0,Differentiated
Mark West Union Elementary (Sonoma),Expected Performer,-0.18116450637519424,354.0,Differentiated
Martinez Unified (Contra Costa),Expected Performer,-0.46386422011167255,335.0,General
Marysville Joint Unified (Yuba),Expected Performer,-0.3580041276078195,143.0,Differentiated
Mattole Unified (Humboldt),Moderate Overperformer,1.2701802567266305,393.0,General
Maxwell Unified (Colusa),Expected Performer,0.31977142145495374,273.0,Differentiated
McCabe Union Elementary (Imperial),Moderate Overperformer,1.3318429735539423,228.0,Differentiated
McCloud Union Elementary (Siskiyou),Moderate Underperformer,-0.5392185687970117,433.0,General
McFarland Unified (Kern),Moderate Overperformer,0.9252735286352397,132.0,Differentiated
McKinleyville Union Elementary (Humboldt),Expected Performer,0.126259056327078,414.0,Differentiated
McKittrick Elementary (Kern),Expected Performer,-0.2636716630900228,516.0,General
McSwain Union Elementary (Merced),Expected Performer,-0.3284513765458653,308.0,General
Meadows Union (Imperial),Moderate Overperformer,0.5151641512237205,348.0,Differentiated
Mendocino Unified (Mendocino),Moderate Overperformer,1.233661387088607,62.0,General
Mendota Unified (Fresno),Moderate Overperformer,0.5616284158369251,130.0,Differentiated
Menifee Union (Riverside),Expected Performer,0.011715827953214103,391.0,Differentiated
Menlo Park City Elementary (San Mateo),Expected Performer,0.10722913551978269,376.0,General
Merced City Elementary (Merced),Expected Performer,-0.23788840045333903,332.0,Differentiated
Merced River Union Elementary (Merced),Expected Performer,0.25109558477476757,635.0,General
Merced Union High (Merced),Expected Performer,-0.3974788996492306,482.0,Differentiated
Meridian Elementary (Sutter),Moderate Underperformer,-1.0428250875409748,184.0,General
Mesa Union Elementary (Ventura),Significant Underperformer,-1.616383226998285,164.0,General
Middletown Unified (Lake),Expected Performer,0.09415177544425699,159.0,Differentiated
Midway Elementary (Kern),Expected Performer,-0.20179727955176852,516.0,General
Mill Valley Elementary (Marin),Expected Performer,0.171280959255322,227.0,Differentiated
Millbrae Elementary (San Mateo),Expected Performer,0.2943746803323628,297.0,Differentiated
Miller Creek Elementary (Marin),Expected Performer,0.025453620344622854,426.0,Differentiated
Millville Elementary (Shasta),Moderate Overperformer,1.2022325637228948,229.0,General
Milpitas Unified (Santa Clara),Expected Performer,0.4286639238402805,282.0,Differentiated
Mission Union Elementary (Monterey),Expected Performer,0.1378369447953101,706.0,General
Modesto City Elementary (Stanislaus),Expected Performer,-0.39129608768762025,269.0,Differentiated
Modesto City High (Stanislaus),Expected Performer,-0.3764650436860701,375.0,Differentiated
Modoc Joint Unified (Modoc),Expected Performer,-0.2838925685258316,135.0,Differentiated
Mojave Unified (Kern),Significant Underperformer,-1.6538981365170191,183.0,Differentiated
Monrovia Unified (Los Angeles),Moderate Overperformer,0.7558910304580789,117.0,Differentiated
Monson-Sultana Joint Union Elementary (Tulare),Significant Overperformer,1.817247902898477,364.0,Differentiated
Montague Elementary (Siskiyou),Expected Performer,0.3842811389173896,221.0,General
Monte Rio Union Elementary (Sonoma),Expected Performer,-0.4165586687593732,505.0,Differentiated
Montebello Unified (Los Angeles),Expected Performer,0.4194269349456294,177.0,Differentiated
Montecito Union Elementary (Santa Barbara),Moderate Overperformer,0.613096848294812,258.0,General
Monterey Peninsula Unified (Monterey),Expected Performer,-0.21893921804233743,90.0,Differentiated
Moorpark Unified (Ventura),Expected Performer,-0.44465622701732027,263.0,Differentiated
Moraga Elementary (Contra Costa),Expected Performer,-0.09488353199232011,180.0,General
Moreland (Santa Clara),Expected Performer,0.41963298747187333,274.0,General
Moreno Valley Unified (Riverside),Moderate Underperformer,-0.9111295064270338,188.0,Differentiated
Morgan Hill Unified (Santa Clara),Significant Underperformer,-2.0224001699885843,50.0,Differentiated
Morongo Unified (San Bernardino),Expected Performer,-0.2888014969924235,121.0,Differentiated
Mother Lode Union Elementary (El Dorado),Moderate Underperformer,-0.6929027108277984,197.0,Differentiated
Mount Pleasant Elementary (Santa Clara),Moderate Underperformer,-0.9473895541469795,203.0,Differentiated
Mountain Elementary (Santa Cruz),Expected Performer,0.25543126820949286,209.0,General
Mountain Empire Unified (San Diego),Significant Underperformer,-1.8561677458098227,78.0,Differentiated
Mountain Union Elementary (Shasta),Expected Performer,-0.041120276878371394,680.0,Differentiated
Mountain Valley Unified (Trinity),Significant Overperformer,2.4032865980246774,21.0,General
Mountain View Elementary (Los Angeles),Moderate Underperformer,-1.0525855015569046,129.0,Differentiated
Mountain View Elementary (San Bernardino),Moderate Underperformer,-1.2115868197782642,268.0,Differentiated
Mountain View Whisman (Santa Clara),Expected Performer,0.15559267599057924,334.0,Differentiated
Mountain View-Los Altos Union High (Santa Clara),Moderate Overperformer,0.5102808783726617,453.0,Differentiated
Mt. Diablo Unified (Contra Costa),Moderate Underperformer,-1.0650405626590687,172.0,Differentiated
Mt. Shasta Union Elementary (Siskiyou),Moderate Underperformer,-1.1886500186101883,686.0,General
Mulberry Elementary (Imperial),Expected Performer,-0.3827142034392219,360.0,General
Mupu Elementary (Ventura),Expected Performer,-0.4755731756040194,397.0,General
Muroc Joint Unified (Kern),Significant Underperformer,-1.9023906607827323,322.0,Differentiated
Murrieta Valley Unified (Riverside),Moderate Overperformer,1.460075456980579,165.0,Differentiated
Napa Valley Unified (Napa),Moderate Underperformer,-1.0519948593117714,208.0,Differentiated
National Elementary (San Diego),Expected Performer,0.29031094570809046,276.0,General
Natomas Unified (Sacramento),Significant Underperformer,-1.9049642195935246,90.0,Differentiated
Needles Unified (San Bernardino),Expected Performer,-0.13151683088732505,225.0,Differentiated
Nevada City Elementary (Nevada),Expected Performer,0.16812002374912466,688.0,Differentiated
Nevada Joint Union High (Nevada),Moderate Overperformer,0.5516402353773545,401.0,Differentiated
New Haven Unified (Alameda),Moderate Underperformer,-0.7380672718252637,167.0,Differentiated
New Hope Elementary (San Joaquin),Expected Performer,0.39885836172546646,399.0,General
Newark Unified (Alameda),Moderate Underperformer,-0.9438923186450249,319.0,Differentiated
Newcastle Elementary (Placer),Expected Performer,0.31861049904486083,105.0,General
Newhall (Los Angeles),Significant Overperformer,1.853699373449213,60.0,General
Newman-Crows Landing Unified (Stanislaus),Expected Performer,-0.3035845919288068,299.0,Differentiated
Newport-Mesa Unified (Orange),Moderate Overperformer,1.0794668956357703,98.0,Differentiated
Nicasio (Marin),Moderate Underperformer,-1.0336350985112712,212.0,General
Norris Elementary (Kern),Expected Performer,-0.16189211545799068,392.0,General
North County Joint Union Elementary (San Benito),Expected Performer,0.4984817001697392,156.0,General
North Cow Creek Elementary (Shasta),Expected Performer,0.04964850697335771,517.0,General
North Monterey County Unified (Monterey),Significant Underperformer,-1.7109725150458304,211.0,Differentiated
Northern Humboldt Union High (Humboldt),Moderate Overperformer,0.6739657413461109,416.0,Differentiated
Novato Unified (Marin),Moderate Underperformer,-0.6748913907993446,327.0,Differentiated
Nuestro Elementary (Sutter),Moderate Underperformer,-0.6172512249377838,380.0,General
Nuview Union (Riverside),Expected Performer,-0.2938499665688622,250.0,Differentiated
Oak Grove Elementary (Santa Clara),Moderate Underperformer,-0.6467455326815355,402.0,General
Oak Park Unified (Ventura),Expected Performer,0.4454501183336322,371.0,General
Oak Valley Union Elementary (Tulare),Moderate Overperformer,1.2316657031332763,112.0,General
Oak View Union Elementary (San Joaquin),Significant Overperformer,1.550875483283223,209.0,Differentiated
Oakdale Joint Unified (Stanislaus),Expected Performer,0.10624540880548163,240.0,Differentiated
Oakland Unified (Alameda),Moderate Underperformer,-0.6853023941946567,223.0,Differentiated
Oakley Union Elementary (Contra Costa),Significant Underperformer,-2.1128559994049905,27.0,Differentiated
Ocean View (Orange),Moderate Overperformer,1.3372811619461367,125.0,Differentiated
Ocean View (Ventura),Significant Overperformer,1.5133841724403299,253.0,Differentiated
Oceanside Unified (San Diego),Expected Performer,-0.04303442615762536,207.0,Differentiated
Ojai Unified (Ventura),Moderate Underperformer,-0.7680271949730415,278.0,Differentiated
Old Adobe Union (Sonoma),Expected Performer,0.006516069307691452,471.0,Differentiated
Ontario-Montclair (San Bernardino),Moderate Overperformer,1.0451254242975123,185.0,General
Orange Center (Fresno),Moderate Overperformer,1.1124586103529597,294.0,Differentiated
Orange Unified (Orange),Expected Performer,0.456828414367734,116.0,Differentiated
Orchard Elementary (Santa Clara),Moderate Underperformer,-0.8473208174367495,104.0,Differentiated
Orcutt Union Elementary (Santa Barbara),Moderate Underperformer,-0.5809070147122726,301.0,Differentiated
Orinda Union (Contra Costa),Moderate Overperformer,0.8944805182243788,231.0,General
Orland Joint Unified (Glenn),Moderate Underperformer,-0.7537927094709558,190.0,Differentiated
Oro Grande (San Bernardino),Moderate Underperformer,-1.3206124835053377,335.0,General
Oroville City Elementary (Butte),Moderate Underperformer,-0.6897291911953273,105.0,Differentiated
Oroville Union High (Butte),Moderate Underperformer,-0.5165138145597932,453.0,Differentiated
Outside Creek Elementary (Tulare),Moderate Overperformer,1.1806071824587245,118.0,General
Owens Valley Unified (Inyo),Moderate Underperformer,-1.3857648369711582,106.0,General
Oxnard (Ventura),Moderate Underperformer,-0.9992995257792258,334.0,General
Oxnard Union High (Ventura),Moderate Underperformer,-1.2700394362332272,335.0,Differentiated
Pacheco Union Elementary (Shasta),Expected Performer,0.11331716893537021,197.0,Differentiated
Pacific Elementary (Santa Cruz),Moderate Overperformer,1.1877097701943682,311.0,General
Pacific Grove Unified (Monterey),Moderate Overperformer,0.6792136007250167,167.0,General
Pacific Union Elementary (Humboldt),Significant Overperformer,1.737384042128797,49.0,Differentiated
Pacific Union Elementary (Fresno),Significant Overperformer,1.869859414878041,76.0,Differentiated
Pacifica (San Mateo),Moderate Underperformer,-0.934983772453184,274.0,Differentiated
Pajaro Valley Unified (Santa Cruz),Significant Underperformer,-1.95314069847348,143.0,Differentiated
Palermo Union Elementary (Butte),Moderate Overperformer,0.5989609860873047,187.0,Differentiated
Palm Springs Unified (Riverside),Moderate Underperformer,-0.8226962508399273,158.0,Differentiated
Palmdale Elementary (Los Angeles),Significant Underperformer,-1.6619798463808035,279.0,Differentiated
Palo Alto Unified (Santa Clara),Moderate Overperformer,1.0729424652504416,245.0,General
Palo Verde Unified (Riverside),Moderate Underperformer,-0.6546417865256359,61.0,Differentiated
Palo Verde Union Elementary (Tulare),Moderate Overperformer,0.8254283995764691,193.0,General
Palos Verdes Peninsula Unified (Los Angeles),Moderate Overperformer,0.8155724875847332,132.0,General
Panama-Buena Vista Union (Kern),Expected Performer,0.0641124878958464,267.0,Differentiated
Paradise Elementary (Stanislaus),Expected Performer,0.1163700178843186,642.0,General
Paradise Unified (Butte),Expected Performer,-0.12037478789135839,319.0,Differentiated
Paramount Unified (Los Angeles),Moderate Overperformer,0.7643811824004375,266.0,General
Parlier Unified (Fresno),Expected Performer,0.08661563656062911,292.0,Differentiated
Pasadena Unified (Los Angeles),Expected Performer,0.46579392537723613,229.0,Differentiated
Paso Robles Joint Unified (San Luis Obispo),Expected Performer,-0.13821776537371097,268.0,Differentiated
Patterson Joint Unified (Stanislaus),Expected Performer,-0.3362015404682722,464.0,Differentiated
Peninsula Union (Humboldt),Expected Performer,0.071937242879872,219.0,Differentiated
Penn Valley Union Elementary (Nevada),Moderate Overperformer,0.850914216559781,116.0,General
Perris Elementary (Riverside),Moderate Underperformer,-0.8910354534790184,161.0,Differentiated
Perris Union High (Riverside),Moderate Underperformer,-0.8020551493293936,408.0,Differentiated
Petaluma City Elementary (Sonoma),Expected Performer,-0.22518935739041973,415.0,Differentiated
Petaluma Joint Union High (Sonoma),Expected Performer,-0.24724079146893962,273.0,Differentiated
Piedmont City Unified (Alameda),Moderate Overperformer,1.2000916290529704,237.0,General
Pierce Joint Unified (Colusa),Expected Performer,0.33057822282894395,102.0,Differentiated
Pine Ridge Elementary (Fresno),Expected Performer,-0.2210852514170208,419.0,General
Piner-Olivet Union Elementary (Sonoma),Expected Performer,-0.3153486032570388,221.0,Differentiated
Pioneer Union (El Dorado),Moderate Underperformer,-0.8962132806792477,86.0,Differentiated
Pittsburg Unified (Contra Costa),Significant Underperformer,-1.684256437733021,134.0,Differentiated
Pixley Union Elementary (Tulare),Expected Performer,-0.19807307944510077,355.0,Differentiated
Placentia-Yorba Linda Unified (Orange),Moderate Overperformer,1.1430860155216584,64.0,General
Placer Hills Union Elementary (Placer),Expected Performer,0.06833520748004715,506.0,General
Placer Union High (Placer),Expected Performer,0.2598947672550008,546.0,Differentiated
Placerville Union Elementary (El Dorado),Expected Performer,-0.1119295620343215,157.0,Differentiated
Plainsburg Union Elementary (Merced),Expected Performer,0.3232474135611003,377.0,General
Planada Elementary (Merced),Moderate Overperformer,1.0298419018917506,146.0,Differentiated
Plaza Elementary (Glenn),Significant Overperformer,1.6794130147852204,99.0,General
Pleasant Grove Joint Union (Sutter),Expected Performer,-0.2405846520091317,239.0,General
Pleasant Ridge Union Elementary (Nevada),Expected Performer,0.03681003209138692,344.0,Differentiated
Pleasant Valley (Ventura),Expected Performer,0.24456308804205745,181.0,Differentiated
Pleasant Valley Joint Union Elementary (San Luis Obispo),Moderate Underperformer,-1.0341168128675813,257.0,General
Pleasant View Elementary (Tulare),Moderate Underperformer,-1.35726669908031,292.0,Differentiated
Pleasanton Unified (Alameda),Expected Performer,0.379451302330531,286.0,Differentiated
Plumas Lake Elementary (Yuba),Expected Performer,-0.0580124817538212,176.0,General
Plumas Unified (Plumas),Expected Performer,-0.45828812631214266,197.0,Differentiated
Point Arena Joint Union High (Mendocino),Significant Underperformer,-2.1128559994049905,12.0,General
Pollock Pines Elementary (El Dorado),Moderate Underperformer,-0.8122421448961704,128.0,Differentiated
Pomona Unified (Los Angeles),Expected Performer,0.09858806798654896,121.0,Differentiated
Pond Union Elementary (Kern),Expected Performer,-0.12120867309910528,503.0,General
Pope Valley Union Elementary (Napa),Significant Underperformer,-1.6299595082877303,32.0,General
Porterville Unified (Tulare),Expected Performer,0.46390446475122,150.0,Differentiated
Portola Valley Elementary (San Mateo),Moderate Overperformer,0.9691782177233039,194.0,General
Potter Valley Community Unified (Mendocino),Moderate Underperformer,-1.0654411200642546,378.0,Differentiated
Poway Unified (San Diego),Moderate Overperformer,0.6011188892486143,312.0,General
Princeton Joint Unified (Glenn),Moderate Underperformer,-0.6119351111106575,455.0,General
Raisin City Elementary (Fresno),Expected Performer,0.3940291619818929,482.0,General
Ramona City Unified (San Diego),Moderate Underperformer,-0.7315030206335604,299.0,Differentiated
Rancho Santa Fe Elementary (San Diego),Moderate Overperformer,0.798372833031332,193.0,General
Ravenswood City Elementary (San Mateo),Moderate Underperformer,-1.4004885514947731,20.0,Differentiated
Raymond-Knowles Union Elementary (Madera),Expected Performer,-0.39328252436110545,297.0,Differentiated
Red Bluff Joint Union High (Tehama),Expected Performer,0.33475253989922815,357.0,Differentiated
Red Bluff Union Elementary (Tehama),Moderate Underperformer,-0.7286453956241706,266.0,Differentiated
Redding Elementary (Shasta),Moderate Overperformer,0.6855407480837302,184.0,Differentiated
Redlands Unified (San Bernardino),Expected Performer,0.03760140103244424,108.0,Differentiated
Redondo Beach Unified (Los Angeles),Expected Performer,0.44385035997992695,537.0,General
Redwood City Elementary (San Mateo),Expected Performer,-0.2222776333791184,518.0,Differentiated
Reed Union Elementary (Marin),Expected Performer,-0.1605709128203419,323.0,General
Reeds Creek Elementary (Tehama),Significant Underperformer,-1.71020376873331,60.0,General
Reef-Sunset Unified (Kings),Moderate Underperformer,-0.8468737447187102,279.0,Differentiated
Rescue Union Elementary (El Dorado),Expected Performer,0.4876789608743431,403.0,General
Rialto Unified (San Bernardino),Expected Performer,-0.42924551283311857,411.0,Differentiated
Richfield Elementary (Tehama),Moderate Overperformer,0.5637162256603228,181.0,General
Richgrove Elementary (Tulare),Expected Performer,-0.39586101764765336,332.0,General
Richland Union Elementary (Kern),Expected Performer,0.008944066623819967,191.0,Differentiated
Richmond Elementary (Lassen),Moderate Underperformer,-0.5286368763514828,433.0,General
Rim of the World Unified (San Bernardino),Moderate Underperformer,-1.0595726128657421,173.0,Differentiated
Rincon Valley Union Elementary (Sonoma),Moderate Overperformer,0.5326179926044917,243.0,General
Rio Bravo-Greeley Union Elementary (Kern),Expected Performer,0.16145155001916706,411.0,General
Rio Dell Elementary (Humboldt),Significant Overperformer,2.2572045214467744,142.0,General
Rio Elementary (Ventura),Moderate Underperformer,-1.202155476692836,310.0,Differentiated
Ripon Unified (San Joaquin),Moderate Overperformer,1.188159615668195,93.0,General
River Delta Joint Unified (Sacramento),Moderate Underperformer,-1.280462666410745,61.0,Differentiated
Riverbank Unified (Stanislaus),Moderate Underperformer,-1.097819221716148,91.0,Differentiated
Riverdale Joint Unified (Fresno),Moderate Overperformer,0.6026640514514493,317.0,Differentiated
Riverside Unified (Riverside),Expected Performer,-0.17132888528249082,250.0,Differentiated
Robla Elementary (Sacramento),Moderate Underperformer,-0.5177341621683218,404.0,Differentiated
Rockford Elementary (Tulare),Expected Performer,-0.3051461752491773,432.0,General
Rocklin Unified (Placer),Moderate Overperformer,0.6568591502624256,415.0,Differentiated
Romoland Elementary (Riverside),Moderate Underperformer,-0.8379862468714779,211.0,Differentiated
Rosedale Union Elementary (Kern),Expected Performer,-0.393965803679874,343.0,Differentiated
Roseland (Sonoma),Expected Performer,-0.031888154482662995,444.0,General
Rosemead Elementary (Los Angeles),Significant Overperformer,2.353063200377194,47.0,General
Roseville City (Placer),Expected Performer,0.1780144205169324,305.0,Differentiated
Roseville Joint Union High (Placer),Expected Performer,-0.021178174555040077,551.0,Differentiated
Ross Elementary (Marin),Moderate Overperformer,0.5791407873293483,144.0,General
Ross Valley Elementary (Marin),Expected Performer,0.2367894527728319,444.0,Differentiated
Round Valley Joint Elementary (Inyo),Expected Performer,-0.1323156677721475,281.0,General
Round Valley Unified (Mendocino),Moderate Underperformer,-1.0407857440893602,289.0,Differentiated
Rowland Unified (Los Angeles),Moderate Overperformer,1.0206252391615105,216.0,Differentiated
Sacramento City Unified (Sacramento),Expected Performer,-0.33165531298150713,215.0,Differentiated
Saddleback Valley Unified (Orange),Moderate Overperformer,0.7281453753256022,282.0,Differentiated
Saint Helena Unified (Napa),Moderate Underperformer,-0.8592897969982345,292.0,Differentiated
Salida Union Elementary (Stanislaus),Expected Performer,-0.012010596676875953,275.0,General
Salinas City Elementary (Monterey),Significant Underperformer,-1.6622715562853647,391.0,General
Salinas Union High (Monterey),Moderate Underperformer,-1.3339300757851509,260.0,Differentiated
San Antonio Union Elementary (Monterey),Moderate Underperformer,-1.2413650257154987,453.0,General
San Ardo Union Elementary (Monterey),Moderate Underperformer,-0.9760282146422182,701.0,Differentiated
San Benito High (San Benito),Moderate Underperformer,-1.2810742317790944,453.0,Differentiated
San Bernardino City Unified (San Bernardino),Expected Performer,-0.40080937520015286,123.0,Differentiated
San Bruno Park Elementary (San Mateo),Moderate Underperformer,-0.6883613647467764,183.0,Differentiated
San Carlos Elementary (San Mateo),Expected Performer,0.3382600547605685,272.0,Differentiated
San Diego Unified (San Diego),Moderate Overperformer,0.883004314549652,117.0,Differentiated
San Dieguito Union High (San Diego),Moderate Overperformer,0.7115606734587184,399.0,General
San Francisco Unified (San Francisco),Moderate Underperformer,-0.6040743506718895,186.0,Differentiated
San Gabriel Unified (Los Angeles),Significant Overperformer,1.9983411353206075,52.0,Differentiated
San Jacinto Unified (Riverside),Moderate Underperformer,-0.7695460983720477,268.0,Differentiated
San Jose Unified (Santa Clara),Moderate Underperformer,-0.9149456672076107,174.0,Differentiated
San Juan Unified (Sacramento),Moderate Underperformer,-0.8506535626322799,276.0,Differentiated
San Leandro Unified (Alameda),Moderate Underperformer,-0.9353016512157347,295.0,Differentiated
San Lorenzo Unified (Alameda),Moderate Underperformer,-1.2404770865149184,104.0,Differentiated
San Lorenzo Valley Unified (Santa Cruz),Expected Performer,-0.2144809446642193,439.0,Differentiated
San Lucas Union Elementary (Monterey),Moderate Underperformer,-0.7190299852011703,625.0,General
San Luis Coastal Unified (San Luis Obispo),Moderate Overperformer,1.4454899801325796,76.0,General
San Marcos Unified (San Diego),Expected Performer,0.0026831635192330924,340.0,Differentiated
San Marino Unified (Los Angeles),Significant Overperformer,1.9165095757347028,129.0,General
San Mateo Union High (San Mateo),Expected Performer,0.22068975685371417,543.0,Differentiated
San Mateo-Foster City (San Mateo),Moderate Underperformer,-0.7128946767839134,188.0,Differentiated
San Miguel Joint Union (San Luis Obispo),Expected Performer,0.23149831336225993,393.0,Differentiated
San Pasqual Union Elementary (San Diego),Moderate Underperformer,-0.6407731029345932,383.0,General
San Pasqual Valley Unified (Imperial),Expected Performer,-0.14730651354070248,462.0,Differentiated
San Rafael City Elementary (Marin),Moderate Underperformer,-0.5379029495374599,229.0,Differentiated
San Rafael City High (Marin),Expected Performer,-0.4191965171035722,502.0,Differentiated
San Ramon Valley Unified (Contra Costa),Expected Performer,0.05232476408136805,87.0,Differentiated
San Ysidro Elementary (San Diego),Expected Performer,-0.1782478056988046,282.0,Differentiated
Sanger Unified (Fresno),Moderate Overperformer,1.037871784065811,213.0,Differentiated
Santa Ana Unified (Orange),Expected Performer,-0.10669045914599533,291.0,Differentiated
Santa Barbara Unified (Santa Barbara),Expected Performer,0.3568646680708866,201.0,Differentiated
Santa Clara Elementary (Ventura),Moderate Underperformer,-1.0514522980466217,310.0,General
Santa Clara Unified (Santa Clara),Moderate Underperformer,-0.5765767857184824,278.0,Differentiated
Santa Cruz City Elementary (Santa Cruz),Expected Performer,0.15197993028185092,162.0,General
Santa Cruz City High (Santa Cruz),Expected Performer,-0.06760352378266848,329.0,Differentiated
Santa Maria Joint Union High (Santa Barbara),Moderate Underperformer,-0.868180892661663,469.0,Differentiated
Santa Maria-Bonita (Santa Barbara),Moderate Underperformer,-1.4208559567661287,173.0,Differentiated
Santa Monica-Malibu Unified (Los Angeles),Moderate Overperformer,1.0667336256790725,273.0,Differentiated
Santa Paula Unified (Ventura),Expected Performer,-0.46153781997280535,279.0,Differentiated
Santa Rita Union Elementary (Monterey),Significant Underperformer,-1.682353296242674,96.0,General
Santa Rosa Elementary (Sonoma),Moderate Underperformer,-1.0125459014126559,163.0,Differentiated
Santa Rosa High (Sonoma),Moderate Underperformer,-1.1057854343878426,189.0,Differentiated
Santa Ynez Valley Union High (Santa Barbara),Expected Performer,-0.05093269461072653,413.0,General
Santee (San Diego),Moderate Overperformer,0.6255392259850823,88.0,Differentiated
Saratoga Union Elementary (Santa Clara),Moderate Overperformer,0.5533951631590193,541.0,General
Saucelito Elementary (Tulare),Significant Underperformer,-1.5682658630796522,98.0,General
Saugus Union (Los Angeles),Moderate Overperformer,1.4926630382960042,175.0,General
Sausalito Marin City (Marin),Expected Performer,0.019594583557677226,490.0,Differentiated
Savanna Elementary (Orange),Significant Overperformer,1.750202593031688,239.0,General
Scotia Union Elementary (Humboldt),Significant Overperformer,2.4032865980246774,9.0,Differentiated
Scott Valley Unified (Siskiyou),Moderate Overperformer,0.8978298776899688,103.0,Differentiated
Scotts Valley Unified (Santa Cruz),Expected Performer,0.002855263977122058,503.0,General
Sebastopol Union Elementary (Sonoma),Expected Performer,-0.03877815730665897,468.0,General
Seeley Union Elementary (Imperial),Moderate Overperformer,0.6938246058381486,429.0,Differentiated
Selma Unified (Fresno),Moderate Overperformer,0.908331129992322,152.0,Differentiated
Semitropic Elementary (Kern),Expected Performer,-0.2362282661815453,549.0,General
Sequoia Union Elementary (Tulare),Expected Performer,-0.00575041665931331,739.0,General
Sequoia Union High (San Mateo),Expected Performer,-0.21442220248789773,521.0,Differentiated
Shaffer Union Elementary (Lassen),Moderate Underperformer,-0.6640562584683023,370.0,Differentiated
Shandon Joint Unified (San Luis Obispo),Moderate Underperformer,-0.5049746144376638,513.0,Differentiated
Shasta Union Elementary (Shasta),Expected Performer,-0.3713357104017684,447.0,General
Shasta Union High (Shasta),Moderate Overperformer,1.048572417042613,347.0,Differentiated
Shoreline Unified (Marin),Moderate Underperformer,-0.661113169357656,552.0,Differentiated
Sierra Sands Unified (Kern),Moderate Underperformer,-0.6674666588809715,71.0,Differentiated
Sierra Unified (Fresno),Expected Performer,-0.22874214566181852,162.0,Differentiated
Sierra-Plumas Joint Unified (Sierra),Expected Performer,-0.11367615083547357,388.0,Differentiated
Silver Valley Unified (San Bernardino),Moderate Overperformer,0.5072670551801808,197.0,General
Simi Valley Unified (Ventura),Moderate Underperformer,-0.7943829131266925,246.0,Differentiated
Siskiyou Union High (Siskiyou),Moderate Underperformer,-1.2536463406006972,513.0,General
Snelling-Merced Falls Union Elementary (Merced),Expected Performer,0.09771872145276586,364.0,General
Snowline Joint Unified (San Bernardino),Moderate Underperformer,-1.0422463678853104,75.0,Differentiated
Solana Beach Elementary (San Diego),Moderate Overperformer,1.1533629795116995,164.0,General
Soledad Unified (Monterey),Expected Performer,-0.4889759026982816,420.0,Differentiated
Solvang Elementary (Santa Barbara),Expected Performer,0.10664944784194111,369.0,Differentiated
Somis Union (Ventura),Moderate Overperformer,0.7455260488796867,477.0,General
Sonoma Valley Unified (Sonoma),Significant Underperformer,-1.8493011285294363,113.0,Differentiated
Sonora Elementary (Tuolumne),Expected Performer,0.23981207399714016,342.0,General
Sonora Union High (Tuolumne),Expected Performer,0.3242371029237993,533.0,Differentiated
Soquel Union Elementary (Santa Cruz),Expected Performer,-0.24191459745383154,450.0,General
Soulsbyville Elementary (Tuolumne),Expected Performer,0.31111271045050465,547.0,General
South Bay Union (San Diego),Expected Performer,-0.4568903905430735,115.0,Differentiated
South Bay Union Elementary (Humboldt),Expected Performer,0.08348930344026759,365.0,Differentiated
South Fork Union (Kern),Moderate Overperformer,0.8057066043401888,90.0,Differentiated
South Monterey County Joint Union High (Monterey),Expected Performer,-0.1771929284776837,685.0,Differentiated
South Pasadena Unified (Los Angeles),Significant Overperformer,2.3723035689615077,96.0,General
South San Francisco Unified (San Mateo),Moderate Underperformer,-0.625002694779235,164.0,Differentiated
South Whittier Elementary (Los Angeles),Expected Performer,0.22064830875257524,341.0,Differentiated
Southern Humboldt Joint Unified (Humboldt),Expected Performer,-0.20762614168257132,407.0,General
Southern Kern Unified (Kern),Moderate Underperformer,-1.3904608049951186,248.0,Differentiated
Southern Trinity Joint Unified (Trinity),Expected Performer,0.3214234569847948,306.0,General
Southside Elementary (San Benito),Moderate Underperformer,-0.6308891700294053,163.0,General
Spencer Valley Elementary (San Diego),Expected Performer,-0.12928406249743224,423.0,General
Spreckels Union Elementary (Monterey),Moderate Underperformer,-1.3174240851674497,213.0,General
Springville Union Elementary (Tulare),Moderate Underperformer,-1.0602056385868426,296.0,General
Standard Elementary (Kern),Moderate Underperformer,-0.8089840297322844,152.0,Differentiated
Stanislaus Union Elementary (Stanislaus),Expected Performer,-0.15606264797161448,228.0,Differentiated
Stockton Unified (San Joaquin),Moderate Underperformer,-0.685108978186361,111.0,Differentiated
Stone Corral Elementary (Tulare),Expected Performer,0.25759612779596275,583.0,Differentiated
Stony Creek Joint Unified (Glenn),Expected Performer,-0.44727639739486863,352.0,General
Strathmore Union Elementary (Tulare),Expected Performer,-0.09358438537104977,320.0,Differentiated
Sulphur Springs Union (Los Angeles),Moderate Overperformer,0.767720171861825,217.0,General
Summerville Elementary (Tuolumne),Expected Performer,-0.38879745242393376,411.0,Differentiated
Summerville Union High (Tuolumne),Moderate Overperformer,0.5568034809594516,653.0,General
Sundale Union Elementary (Tulare),Moderate Overperformer,1.0153003729150807,132.0,General
Sunnyside Union Elementary (Tulare),Moderate Underperformer,-1.3394791830740147,56.0,General
Sunnyvale (Santa Clara),Expected Performer,-0.3703611438849602,253.0,General
Sunol Glen Unified (Alameda),Significant Overperformer,1.5684641720331702,309.0,General
Surprise Valley Joint Unified (Modoc),Moderate Underperformer,-0.6966566393856383,319.0,General
Susanville Elementary (Lassen),Expected Performer,-0.02085415607956712,147.0,Differentiated
Sutter Union High (Sutter),Significant Underperformer,-1.6206592226851355,519.0,General
Sweetwater Union High (San Diego),Expected Performer,0.09264011673788689,409.0,Differentiated
Sylvan Union Elementary (Stanislaus),Expected Performer,-0.02924039694442709,279.0,Differentiated
Taft City (Kern),Expected Performer,0.18826604752881104,143.0,Differentiated
Taft Union High (Kern),Expected Performer,0.23715742319758637,701.0,Differentiated
Tahoe-Truckee Unified (Placer),Expected Performer,-0.0054679422543013915,351.0,Differentiated
Tamalpais Union High (Marin),Moderate Underperformer,-0.9394032318543437,326.0,Differentiated
Tehachapi Unified (Kern),Significant Underperformer,-1.5153112745833566,156.0,Differentiated
Temecula Valley Unified (Riverside),Moderate Overperformer,0.9049706607884449,195.0,Differentiated
Temple City Unified (Los Angeles),Significant Overperformer,2.4032865980246774,113.0,General
Templeton Unified (San Luis Obispo),Moderate Underperformer,-0.6560740879595186,515.0,Differentiated
Terra Bella Union Elementary (Tulare),Moderate Overperformer,0.8474797470459424,431.0,General
Thermalito Union Elementary (Butte),Expected Performer,0.3449594687553534,253.0,Differentiated
Three Rivers Union Elementary (Tulare),Moderate Underperformer,-0.7409967080570953,565.0,General
Tipton Elementary (Tulare),Moderate Overperformer,0.8950245534905641,224.0,Differentiated
Torrance Unified (Los Angeles),Moderate Overperformer,1.2286255001057775,255.0,General
Tracy Joint Unified (San Joaquin),Moderate Underperformer,-0.7346535067610352,243.0,Differentiated
Traver Joint Elementary (Tulare),Expected Performer,0.4316072601416539,302.0,Differentiated
Travis Unified (Solano),Moderate Underperformer,-1.14997984921622,261.0,Differentiated
Tres Pinos Union Elementary (San Benito),Significant Underperformer,-2.0224203446014104,0.0,General
Trinidad Union Elementary (Humboldt),Significant Overperformer,1.5855624490961744,109.0,Differentiated
Trinity Alps Unified (Trinity),Significant Overperformer,1.7295619494028351,203.0,Differentiated
Trona Joint Unified (San Bernardino),Moderate Underperformer,-0.670436729305305,688.0,General
Tulare City (Tulare),Expected Performer,-0.2464144805296981,261.0,Differentiated
Tulare Joint Union High (Tulare),Moderate Overperformer,0.5653640484906594,407.0,Differentiated
Tulelake Basin Joint Unified (Modoc),Moderate Underperformer,-0.8221771501238064,293.0,General
Turlock Unified (Stanislaus),Expected Performer,-0.1965735021141027,203.0,Differentiated
Tustin Unified (Orange),Moderate Overperformer,1.0297614164946731,75.0,Differentiated
Twain Harte (Tuolumne),Expected Performer,0.24245450659545617,246.0,General
Twin Hills Union Elementary (Sonoma),Moderate Underperformer,-1.0829571974981165,442.0,General
Twin Ridges Elementary (Nevada),Moderate Underperformer,-1.1589679072954464,41.0,Differentiated
Twin Rivers Unified (Sacramento),Expected Performer,-0.4249398317904799,159.0,Differentiated
Two Rock Union (Sonoma),Expected Performer,0.21997234992480952,441.0,General
Ukiah Unified (Mendocino),Moderate Underperformer,-0.8933288719787998,127.0,Differentiated
Union Elementary (Santa Clara),Expected Performer,0.3224561072912797,315.0,General
Union Hill Elementary (Nevada),Expected Performer,0.014199264162282016,216.0,Differentiated
Upland Unified (San Bernardino),Moderate Overperformer,0.9086047192121174,142.0,Differentiated
Upper Lake Unified (Lake),Significant Underperformer,-2.005547939958987,277.0,Differentiated
Vacaville Unified (Solano),Moderate Underperformer,-1.2610327737582274,236.0,Differentiated
Val Verde Unified (Riverside),Moderate Underperformer,-0.5609091006874041,456.0,Differentiated
Valle Lindo Elementary (Los Angeles),Moderate Overperformer,1.2897828809945595,92.0,Differentiated
Vallecito Union (Calaveras),Moderate Overperformer,1.3688879041417288,81.0,Differentiated
Vallecitos Elementary (San Diego),Moderate Overperformer,1.0500736040655858,355.0,Differentiated
Vallejo City Unified (Solano),Moderate Underperformer,-1.3022269832292288,137.0,Differentiated
Valley Center-Pauma Unified (San Diego),Significant Underperformer,-1.8026633499971703,76.0,Differentiated
Valley Home Joint Elementary (Stanislaus),Significant Underperformer,-1.630687139828634,139.0,Differentiated
Ventura Unified (Ventura),Expected Performer,-0.4697716562695247,136.0,Differentiated
Victor Elementary (San Bernardino),Moderate Underperformer,-1.1636228083540243,349.0,Differentiated
Victor Valley Union High (San Bernardino),Expected Performer,-0.4264469628982347,299.0,Differentiated
Vineland Elementary (Kern),Expected Performer,0.06371536290734389,373.0,Differentiated
Visalia Unified (Tulare),Expected Performer,0.4479250968583416,347.0,Differentiated
Vista del Mar Union (Santa Barbara),Moderate Underperformer,-0.7956134708287552,271.0,General
Vista Unified (San Diego),Expected Performer,0.0522579770477666,150.0,Differentiated
Walnut Creek Elementary (Contra Costa),Expected Performer,0.30578043619348283,577.0,Differentiated
Walnut Valley Unified (Los Angeles),Significant Overperformer,1.7241084756383673,337.0,Differentiated
Warner Unified (San Diego),Moderate Underperformer,-0.6468137360920525,329.0,Differentiated
Wasco Union Elementary (Kern),Expected Performer,0.2958327231196489,186.0,General
Wasco Union High (Kern),Moderate Overperformer,0.7680296659524389,347.0,Differentiated
Washington Colony Elementary (Fresno),Expected Performer,0.41930457731012344,501.0,Differentiated
Washington Unified (Fresno),Expected Performer,-0.25735923283229767,217.0,Differentiated
Washington Unified (Yolo),Expected Performer,-0.33128730375116816,104.0,Differentiated
Washington Union Elementary (Monterey),Moderate Underperformer,-1.323398263750835,131.0,General
Waterford Unified (Stanislaus),Expected Performer,0.2832789376733566,445.0,General
Waugh Elementary (Sonoma),Expected Performer,-0.02688667879915259,516.0,Differentiated
Waukena Joint Union Elementary (Tulare),Expected Performer,0.205767637459358,274.0,Differentiated
Weaver Union (Merced),Moderate Overperformer,0.6140442223831134,349.0,Differentiated
Weed Union Elementary (Siskiyou),Moderate Underperformer,-0.5264857875577315,666.0,Differentiated
West Contra Costa Unified (Contra Costa),Moderate Underperformer,-1.1973846713059293,130.0,Differentiated
West Covina Unified (Los Angeles),Expected Performer,0.23482273474083193,149.0,Differentiated
West Park Elementary (Fresno),Expected Performer,0.09364827845700084,390.0,General
West Side Union Elementary (Sonoma),Significant Overperformer,2.0492078263768767,0.0,General
West Sonoma County Union High (Sonoma),Expected Performer,0.2052452024052164,335.0,Differentiated
Western Placer Unified (Placer),Expected Performer,0.28371595182171266,303.0,Differentiated
Westminster (Orange),Significant Overperformer,2.1105249985105075,75.0,Differentiated
Westmorland Union Elementary (Imperial),Expected Performer,-0.019785355413855316,303.0,Differentiated
Westside Elementary (Fresno),Expected Performer,0.3357814626874534,563.0,General
Westside Union Elementary (Los Angeles),Moderate Underperformer,-1.2430995541794478,229.0,Differentiated
Westwood Unified (Lassen),Expected Performer,-0.12566007822905506,229.0,Differentiated
Wheatland (Yuba),Moderate Overperformer,1.3507621334497295,124.0,Differentiated
Wheatland Union High (Yuba),Moderate Overperformer,1.0862796042495018,672.0,Differentiated
Whitmore Union Elementary (Shasta),Significant Underperformer,-1.7055524631832328,24.0,General
Whittier City (Los Angeles),Moderate Overperformer,0.6632736074364332,216.0,Differentiated
Whittier Union High (Los Angeles),Moderate Overperformer,1.4016070623589711,308.0,Differentiated
William S. Hart Union High (Los Angeles),Moderate Overperformer,0.8462756693152417,446.0,Differentiated
Williams Unified (Colusa),Moderate Underperformer,-0.8819253864902145,377.0,Differentiated
Willits Unified (Mendocino),Significant Underperformer,-1.5530431374226459,51.0,Differentiated
Willow Creek Elementary (Siskiyou),Moderate Underperformer,-0.7591055598186683,143.0,Differentiated
Willows Unified (Glenn),Moderate Underperformer,-0.7004977509197285,313.0,General
Wilmar Union Elementary (Sonoma),Expected Performer,-0.16262364747651947,521.0,General
Wilsona Elementary (Los Angeles),Significant Underperformer,-2.1128559994049905,80.0,Differentiated
Windsor Unified (Sonoma),Moderate Underperformer,-0.7773074255202219,113.0,Differentiated
Winship-Robbins (Sutter),Expected Performer,-0.49598840580253917,473.0,General
Winters Joint Unified (Yolo),Moderate Underperformer,-1.2694460533287533,170.0,Differentiated
Winton (Merced),Moderate Overperformer,1.2036239658253591,98.0,General
Wiseburn Unified (Los Angeles),Expected Performer,0.14506772999640086,191.0,Differentiated
Woodlake Unified (Tulare),Expected Performer,0.4381033347284956,184.0,Differentiated
Woodland Joint Unified (Yolo),Moderate Underperformer,-0.6001717298262148,99.0,Differentiated
Woodside Elementary (San Mateo),Moderate Overperformer,0.9312882232461092,132.0,General
Woodville Union Elementary (Tulare),Expected Performer,0.4934739495169739,295.0,Differentiated
Wright Elementary (Sonoma),Expected Performer,0.011668914756176818,543.0,Differentiated
Yosemite Unified (Madera),Moderate Underperformer,-1.0118311277940386,264.0,Differentiated
Yreka Union Elementary (Siskiyou),Expected Performer,-0.060151541629800416,427.0,Differentiated
Yreka Union High (Siskiyou),Expected Performer,-0.018724263273204044,570.0,Differentiated
Yuba City Unified (Sutter),Expected Performer,-0.08135936628888882,159.0,Differentiated
Yucaipa-Calimesa Joint Unified (San Bernardino),Moderate Underperformer,-0.6518788581850569,90.0,Differentiated
